timestamp,temperatura,energia,ocupacao,umidade,gas,fumaca,luminosidade,agua,nivel,movimento,peso
2025-10-21 17:53:52,175.3,25.0,62.2,80.0,29.0,50.8,446.9,5.0,92.0,0,305.8
2025-10-21 17:54:02,219.8,30.0,87.7,84.2,9.4,141.1,698.8,17.2,81.5,0,450.3
2025-10-21 17:54:12,197.0,34.4,39.0,71.8,235.0,12.1,331.0,21.5,88.4,0,335.5
2025-10-21 17:54:22,216.1,33.8,85.3,77.1,56.0,89.5,420.1,14.1,78.8,0,341.8
2025-10-21 17:54:32,181.4,36.7,48.9,54.2,96.1,93.6,473.1,7.9,73.9,0,431.0
2025-10-21 17:54:42,175.1,35.0,72.6,77.8,91.2,125.4,627.4,12.8,61.4,0,261.4
2025-10-21 17:54:52,197.4,39.2,51.5,44.8,55.6,100.1,293.7,8.7,97.7,0,386.7
2025-10-21 17:55:02,202.7,35.8,92.7,44.7,190.6,172.5,212.4,6.2,87.8,1,363.1
2025-10-21 17:55:12,215.7,32.4,53.0,50.9,49.5,129.5,538.6,11.4,74.5,0,317.7
2025-10-21 17:55:22,177.1,34.0,58.6,47.9,289.2,196.1,414.7,20.1,93.9,0,248.8
2025-10-21 17:55:32,202.3,35.4,44.4,51.7,237.2,152.4,485.9,13.5,66.7,0,354.8
2025-10-21 17:55:42,208.7,26.6,72.5,46.5,175.8,159.7,221.6,5.1,94.9,0,416.2
2025-10-21 17:55:52,172.2,25.8,92.3,45.6,7.9,35.9,559.9,18.1,97.0,0,257.0
2025-10-21 17:56:02,195.5,27.2,59.0,59.9,167.1,189.3,107.5,9.1,79.1,0,428.4
2025-10-21 17:56:12,188.5,39.7,38.0,70.8,101.6,137.7,278.4,6.2,80.8,0,213.4
2025-10-21 17:56:22,202.9,37.7,74.2,68.2,271.0,165.7,337.3,6.0,61.5,0,257.2
2025-10-21 17:56:32,192.4,28.0,75.9,55.2,201.8,145.2,101.6,5.9,51.4,0,270.5
2025-10-21 17:56:42,216.9,34.5,31.2,65.5,245.5,100.1,432.5,14.2,65.7,0,241.9
2025-10-21 17:56:52,209.1,36.4,40.5,64.3,80.2,82.6,669.0,22.4,83.3,0,302.7
2025-10-21 17:57:02,201.8,30.2,65.8,46.8,105.2,145.9,718.8,19.8,56.9,0,434.7
2025-10-21 17:57:12,218.9,34.6,77.8,76.2,271.3,139.3,155.3,23.0,88.5,0,208.6
2025-10-21 17:57:22,170.5,26.0,76.2,47.4,2.5,184.7,716.1,6.4,68.4,0,324.1
2025-10-21 17:57:32,210.8,32.1,33.9,47.4,269.4,198.6,485.6,24.3,80.8,0,310.1
2025-10-21 17:57:42,184.9,32.1,89.7,71.9,132.7,80.6,154.6,20.3,70.0,0,470.2
2025-10-21 17:57:52,179.5,34.8,66.5,62.2,136.9,77.9,112.4,14.1,62.9,0,348.5
2025-10-21 17:58:02,180.8,29.9,56.8,47.1,84.7,197.8,567.5,8.1,57.2,0,236.3
2025-10-21 17:58:12,177.5,27.0,30.8,77.1,33.7,138.5,653.7,22.7,60.6,0,335.6
2025-10-21 17:58:22,208.5,34.1,60.4,47.6,17.4,124.3,306.6,10.3,97.8,0,279.1
2025-10-21 17:58:32,198.7,30.4,56.1,45.1,67.1,115.4,419.3,8.7,74.7,0,418.3
2025-10-21 17:58:42,200.4,27.1,30.4,63.7,91.2,119.4,747.4,22.7,85.3,0,485.7
2025-10-21 17:58:52,182.2,31.5,32.1,55.5,35.9,170.6,153.1,18.2,92.7,0,358.4
2025-10-21 17:59:02,216.2,27.5,55.1,82.0,215.9,94.6,673.9,5.1,90.1,0,366.5
2025-10-21 17:59:12,194.7,29.5,89.8,54.5,180.4,25.9,569.5,18.1,86.7,0,430.2
2025-10-21 17:59:22,171.7,35.6,31.1,51.6,175.4,104.6,445.0,12.0,55.6,0,385.2
2025-10-21 17:59:32,181.8,29.4,52.0,71.5,171.8,51.2,214.6,17.7,53.5,0,443.5
2025-10-21 17:59:42,212.6,32.1,71.1,82.8,245.2,111.3,755.8,13.0,91.6,0,247.7
2025-10-21 17:59:52,193.8,33.1,41.5,55.8,2.0,133.3,267.2,13.2,83.0,0,364.6
2025-10-21 18:00:02,173.4,26.6,42.3,60.0,290.1,65.6,224.9,16.1,76.9,0,403.1
2025-10-21 18:00:12,197.2,34.3,39.6,61.2,9.7,187.4,178.4,12.9,72.9,0,206.0
2025-10-21 18:00:22,191.2,26.6,77.0,52.0,107.7,184.9,656.5,24.2,85.9,1,260.9
2025-10-21 18:00:32,213.3,33.0,84.8,68.2,166.2,187.1,297.8,5.1,70.7,0,214.0
2025-10-21 18:00:42,198.3,25.1,89.2,53.7,143.0,133.8,316.6,9.8,91.1,0,405.6
2025-10-21 18:00:52,180.6,35.6,47.6,69.0,75.2,41.1,451.1,20.9,85.4,0,325.7
2025-10-21 18:01:02,205.4,29.1,53.2,62.3,170.5,67.3,653.2,10.4,71.8,0,273.9
2025-10-21 18:01:12,214.0,32.2,78.6,71.6,269.8,157.1,548.1,16.3,71.7,0,430.3
2025-10-21 18:01:22,170.4,32.0,32.6,50.4,105.8,88.4,114.7,12.4,73.2,0,286.4
2025-10-21 18:01:32,184.7,28.2,39.2,56.8,149.8,103.1,699.3,20.5,88.2,0,452.1
2025-10-21 18:01:42,218.2,34.1,86.2,54.5,199.9,24.1,737.0,12.9,81.6,0,485.3
2025-10-21 18:01:52,210.3,35.3,67.5,71.0,171.0,60.6,670.9,11.5,88.3,1,251.8
2025-10-21 18:02:02,181.2,39.6,51.9,46.5,179.8,8.6,214.3,12.4,81.5,0,309.8
2025-10-21 18:02:12,176.3,37.4,52.3,45.8,54.5,141.2,394.6,13.6,57.3,0,456.3
2025-10-21 18:02:22,215.5,39.8,88.1,80.6,86.7,107.8,344.3,15.8,53.6,0,258.3
2025-10-21 18:02:32,196.7,34.5,68.3,80.1,120.5,197.5,284.9,11.4,50.1,0,308.4
2025-10-21 18:02:42,175.1,34.7,57.2,41.0,21.6,194.3,519.1,18.9,55.4,0,390.6
2025-10-21 18:02:52,172.3,25.4,88.6,66.2,108.7,0.1,342.0,10.5,87.8,0,428.4
2025-10-21 18:03:02,174.3,32.7,37.8,82.8,72.7,97.1,297.4,14.4,84.0,0,471.1
2025-10-21 18:03:12,180.5,33.6,92.0,81.2,62.4,191.3,304.7,22.5,53.5,0,229.1
2025-10-21 18:03:22,186.6,27.2,37.7,74.4,34.5,12.5,511.7,17.0,62.9,0,377.3
2025-10-21 18:03:32,206.8,27.3,35.4,74.7,15.1,11.5,769.0,22.4,77.1,0,414.5
2025-10-21 18:03:42,213.9,37.4,70.2,42.2,55.6,139.2,548.7,15.8,81.7,0,481.0
2025-10-21 18:03:52,170.6,38.2,53.3,53.9,48.3,90.6,477.4,10.0,90.4,0,267.5
2025-10-21 18:04:02,184.5,34.3,66.0,58.1,293.2,140.0,642.6,9.8,78.1,0,459.2
2025-10-21 18:04:12,196.3,27.5,52.4,58.8,155.6,56.4,450.4,22.0,56.1,0,259.8
2025-10-21 18:04:22,186.3,32.7,32.1,61.4,270.9,145.1,665.0,20.3,61.7,0,451.6
2025-10-21 18:04:32,210.1,29.8,48.5,62.7,13.0,46.7,606.9,21.1,94.5,1,348.5
2025-10-21 18:04:42,187.4,39.5,31.5,40.3,139.9,67.6,702.7,15.3,90.2,0,310.5
2025-10-21 18:04:52,187.6,27.7,46.9,56.7,205.7,20.3,766.0,15.5,88.0,0,431.5
2025-10-21 18:05:02,184.6,39.2,64.1,40.6,162.2,191.2,483.3,5.3,74.5,0,353.1
2025-10-21 18:05:12,194.8,33.0,75.6,42.0,6.0,45.4,477.6,6.8,58.4,0,306.5
2025-10-21 18:05:22,186.1,26.7,44.7,54.0,173.1,63.5,652.2,18.0,54.6,0,441.1
2025-10-21 18:05:32,184.2,27.7,83.8,69.6,180.6,173.2,186.4,14.7,96.0,0,273.2
2025-10-21 18:05:42,177.4,28.8,61.1,84.1,293.1,82.8,713.2,12.6,60.5,0,236.5
2025-10-21 18:05:52,175.5,33.1,43.4,81.7,99.1,118.3,665.4,11.8,99.1,0,259.8
2025-10-21 18:06:02,170.1,29.1,45.6,41.5,86.3,181.2,743.1,7.2,57.4,0,261.8
2025-10-21 18:06:12,209.1,37.3,49.7,56.5,73.7,111.8,153.7,24.6,92.9,0,488.1
2025-10-21 18:06:22,216.5,32.2,88.3,71.4,47.9,42.0,468.5,7.9,64.4,0,367.2
2025-10-21 18:06:32,172.7,27.8,55.1,52.7,260.4,85.2,532.2,16.4,84.5,0,299.8
2025-10-21 18:06:42,185.3,28.4,63.3,48.0,148.0,100.7,315.4,8.5,97.4,0,213.0
2025-10-21 18:06:52,183.1,25.3,47.1,77.1,199.0,98.5,504.7,7.2,69.6,0,355.7
2025-10-21 18:07:02,177.0,33.8,87.9,71.6,168.8,40.2,503.5,24.9,85.1,0,203.0
2025-10-21 18:07:12,217.1,39.6,79.7,67.9,195.2,186.7,625.8,14.5,65.7,0,307.7
2025-10-21 18:07:22,211.8,31.1,43.9,73.6,62.4,55.4,206.6,20.9,67.5,0,475.2
2025-10-21 18:07:32,193.9,35.3,44.8,66.3,20.6,145.9,172.8,18.9,85.8,0,359.0
2025-10-21 18:07:42,176.8,34.4,40.3,83.9,275.6,27.3,159.8,7.3,95.9,0,436.2
2025-10-21 18:07:52,190.5,39.0,50.9,66.2,249.3,65.0,549.3,24.0,89.9,0,385.2
2025-10-21 18:08:02,213.1,30.3,84.5,58.2,167.1,152.5,608.1,14.0,62.0,0,447.4
2025-10-21 18:08:12,215.6,39.0,33.3,47.1,189.3,189.9,499.0,5.3,98.8,0,428.6
2025-10-21 18:08:22,201.0,28.2,35.3,77.0,218.1,154.0,424.1,19.9,51.1,0,423.4
2025-10-21 18:08:32,176.5,28.7,39.6,44.0,121.5,180.9,376.9,24.5,68.2,0,302.5
2025-10-21 18:08:42,190.9,32.2,30.0,76.2,252.9,7.9,379.4,23.5,76.6,0,408.3
2025-10-21 18:08:52,177.8,29.7,49.0,71.0,284.0,185.2,148.2,6.1,98.2,0,427.4
2025-10-21 18:09:02,186.9,25.9,41.7,48.4,245.0,199.3,774.9,13.2,87.9,0,224.6
2025-10-21 18:09:12,216.2,38.0,68.9,45.7,270.6,9.5,619.1,11.2,72.5,0,308.7
2025-10-21 18:09:22,207.2,35.9,87.9,46.8,48.7,164.8,651.8,14.3,60.3,1,347.1
2025-10-21 18:09:32,194.1,25.4,91.3,54.8,268.7,78.8,548.9,24.3,71.5,0,349.6
2025-10-21 18:09:42,177.3,33.6,65.8,81.4,276.9,98.1,535.3,16.0,77.6,0,304.8
2025-10-21 18:09:52,200.8,30.9,87.2,59.8,50.0,168.6,156.0,20.0,94.0,0,353.7
2025-10-21 18:10:02,173.9,35.7,32.0,58.6,204.5,3.5,173.4,14.9,72.0,0,210.8
2025-10-21 18:10:12,181.4,27.0,33.2,47.4,59.6,32.8,362.2,10.1,69.8,0,255.9
2025-10-21 18:10:22,193.9,31.3,43.0,56.9,141.8,28.5,159.7,8.5,69.9,0,247.0
2025-10-21 18:10:32,208.0,32.1,87.1,54.7,55.6,90.4,618.6,11.1,87.6,0,349.8
2025-10-21 18:10:42,201.6,25.7,85.9,65.7,197.7,67.6,104.4,22.5,51.4,0,411.4
2025-10-21 18:10:52,180.1,25.2,53.0,49.4,109.1,69.4,676.7,23.1,98.7,0,440.8
2025-10-21 18:11:02,195.9,31.8,60.7,77.9,4.4,161.8,464.4,11.4,71.0,0,271.9
2025-10-21 18:11:12,193.4,35.6,36.4,73.3,217.5,180.4,288.4,12.9,90.2,0,299.5
2025-10-21 18:11:22,178.2,36.4,55.5,65.3,51.7,94.0,720.7,12.7,65.1,0,318.8
2025-10-21 18:11:32,176.9,35.3,54.4,48.5,233.4,88.5,227.6,14.8,75.4,0,490.4
2025-10-21 18:11:42,217.9,37.0,56.0,80.1,256.7,176.4,315.7,10.9,50.8,1,342.9
2025-10-21 18:11:52,212.8,35.8,66.0,83.5,105.4,164.5,574.6,22.5,69.0,0,240.9
2025-10-21 18:12:02,174.7,30.8,67.1,73.6,186.3,126.1,120.7,5.6,56.0,0,415.4
2025-10-21 18:12:12,193.5,35.2,42.6,61.1,131.8,53.4,338.9,19.3,66.1,0,450.5
2025-10-21 18:12:22,183.3,27.2,61.3,74.2,90.7,191.4,236.7,19.3,61.1,0,401.4
2025-10-21 18:12:32,186.1,33.3,58.3,80.7,259.4,137.8,525.1,8.1,82.9,0,228.4
2025-10-21 18:12:42,183.8,26.8,50.6,45.2,0.4,78.9,582.9,14.2,62.7,0,439.9
2025-10-21 18:12:52,176.8,34.1,93.8,41.6,160.6,66.6,606.4,17.3,79.8,0,302.9
2025-10-21 18:13:02,197.5,39.6,93.1,58.5,100.9,179.5,511.9,7.5,78.8,0,225.8
2025-10-21 18:13:12,189.0,32.1,92.1,84.6,210.7,62.8,418.9,7.5,97.0,0,361.8
2025-10-21 18:13:22,202.9,38.1,37.2,74.9,121.9,189.1,570.0,10.2,81.2,0,406.2
2025-10-21 18:13:32,184.7,34.3,31.0,82.2,11.1,53.0,245.6,19.9,68.5,0,315.1
2025-10-21 18:13:42,186.5,25.6,47.1,83.8,259.1,61.2,402.3,21.4,89.5,0,243.3
2025-10-21 18:13:52,194.3,34.6,86.1,76.5,202.6,18.6,479.4,9.2,55.1,0,389.2
2025-10-21 18:14:02,213.7,26.4,77.3,72.3,69.6,82.7,699.7,17.7,62.7,0,273.6
2025-10-21 18:14:12,210.4,28.6,38.8,49.2,103.0,133.1,664.9,11.7,56.8,0,388.3
2025-10-21 18:14:22,211.8,34.2,82.7,40.2,99.9,178.8,462.5,17.4,54.2,0,372.2
2025-10-21 18:14:32,190.4,30.8,36.7,42.7,287.4,170.3,505.3,8.6,96.5,0,205.2
2025-10-21 18:14:42,195.6,39.9,84.1,50.9,55.7,198.4,618.8,5.6,98.9,0,235.2
2025-10-21 18:14:52,212.7,33.4,94.4,62.4,244.9,175.5,579.3,18.4,59.1,0,373.6
2025-10-21 18:15:02,212.8,25.2,91.0,57.6,226.2,158.3,792.2,19.6,60.5,0,423.0
2025-10-21 18:15:12,172.8,28.7,92.9,76.3,38.4,129.1,142.3,22.6,67.4,1,369.9
2025-10-21 18:15:22,214.7,33.2,57.8,57.5,27.7,120.8,115.7,21.6,71.1,0,426.3
2025-10-21 18:15:32,185.1,25.7,79.8,52.4,65.6,112.7,185.5,10.0,96.4,0,212.8
2025-10-21 18:15:42,201.2,36.5,88.5,62.5,67.0,45.7,558.6,23.8,84.5,0,393.4
2025-10-21 18:15:52,183.9,31.3,45.9,58.2,181.4,92.2,326.5,20.2,75.8,0,209.9
2025-10-21 18:16:02,213.4,38.6,48.5,52.9,105.2,177.5,697.2,15.0,56.8,0,340.9
2025-10-21 18:16:12,182.3,31.2,36.1,58.0,51.0,26.4,422.3,20.3,63.6,0,453.4
2025-10-21 18:16:22,213.4,39.0,60.7,82.5,267.5,11.8,359.8,15.7,81.6,0,215.3
2025-10-21 18:16:32,177.8,28.6,59.4,61.5,235.1,124.2,287.9,7.9,68.4,0,351.6
2025-10-21 18:16:42,176.7,27.1,87.3,65.5,45.8,101.6,536.8,24.6,89.3,0,240.1
2025-10-21 18:16:52,183.6,34.3,62.2,62.8,172.5,151.3,176.7,17.7,94.3,0,493.8
2025-10-21 18:17:02,204.9,28.8,71.8,79.4,17.5,112.0,191.8,9.3,66.4,0,416.8
2025-10-21 18:17:12,189.8,39.1,47.4,52.3,125.6,179.5,790.2,15.1,62.3,0,429.7
2025-10-21 18:17:22,215.6,38.1,64.2,45.5,92.1,111.9,207.9,20.6,89.4,0,219.9
2025-10-21 18:17:32,188.1,33.3,78.3,74.7,287.6,13.1,725.9,21.0,98.8,1,429.9
2025-10-21 18:17:42,181.5,25.6,57.6,84.6,231.7,116.5,410.3,15.6,88.6,0,363.5
2025-10-21 18:17:52,209.3,36.8,92.3,47.9,235.2,169.8,241.8,14.2,67.1,0,336.5
2025-10-21 18:18:02,198.0,37.4,77.4,43.9,112.8,196.1,235.4,14.5,76.8,0,313.1
2025-10-21 18:18:12,197.6,37.7,30.8,83.4,21.8,178.2,340.8,8.7,98.3,0,325.7
2025-10-21 18:18:22,186.0,37.1,78.4,76.7,92.2,15.3,207.7,19.6,98.2,0,227.1
2025-10-21 18:18:32,178.5,27.4,37.0,84.9,7.6,125.5,427.7,19.0,53.7,0,439.8
2025-10-21 18:18:42,193.6,26.4,53.9,54.7,174.1,180.1,288.1,8.4,82.1,0,439.7
2025-10-21 18:18:52,185.2,35.8,89.0,70.4,143.4,189.6,620.9,21.6,81.2,0,277.0
2025-10-21 18:19:02,175.8,36.7,63.5,41.8,256.8,40.1,521.4,16.4,78.5,0,443.0
2025-10-21 18:19:12,189.0,26.5,60.4,80.8,53.0,83.0,472.1,9.7,78.9,0,335.7
2025-10-21 18:19:22,210.7,39.6,75.6,54.6,84.6,73.2,424.4,16.4,58.4,0,241.8
2025-10-21 18:19:32,217.1,33.9,77.8,62.5,254.9,186.8,462.5,15.3,60.1,0,452.1
2025-10-21 18:19:42,175.8,29.4,81.1,42.9,212.7,163.3,734.3,12.3,73.7,0,356.6
2025-10-21 18:19:52,181.1,27.0,58.2,46.5,103.2,56.7,764.1,21.8,97.6,0,451.3
2025-10-21 18:20:02,173.5,38.9,57.1,41.1,284.4,153.1,103.2,8.1,78.4,0,436.5
2025-10-21 18:20:12,199.9,33.7,69.3,77.8,257.5,6.4,217.2,15.4,54.9,0,249.4
2025-10-21 18:20:22,213.5,39.1,48.3,60.5,223.1,155.6,302.5,9.6,64.6,0,391.3
2025-10-21 18:20:32,194.3,30.8,31.8,68.4,62.8,182.1,470.3,23.2,99.1,0,396.5
2025-10-21 18:20:42,218.5,25.5,75.5,72.7,46.1,184.2,391.8,13.1,77.7,0,267.5
2025-10-21 18:20:52,202.6,38.7,33.3,77.1,254.7,15.9,213.4,17.2,68.0,0,437.3
2025-10-21 18:21:02,216.1,33.9,31.0,54.7,249.8,143.4,283.7,13.8,87.0,0,255.8
2025-10-21 18:21:12,190.7,38.5,78.2,72.5,15.5,124.2,142.4,17.4,94.2,0,287.1
2025-10-21 18:21:22,182.9,27.2,61.0,82.7,253.8,81.3,514.3,11.5,72.9,0,427.6
2025-10-21 18:21:32,191.2,34.1,77.9,84.9,27.5,121.7,107.3,13.8,86.8,0,353.8
2025-10-21 18:21:42,210.8,32.7,63.8,75.2,44.6,156.7,381.8,19.5,64.8,0,281.9
2025-10-21 18:21:52,209.8,28.7,49.7,53.6,247.1,76.5,521.6,15.8,68.8,0,375.1
2025-10-21 18:22:02,212.2,38.4,32.5,64.4,286.5,48.3,141.8,24.7,98.4,0,391.2
2025-10-21 18:22:12,201.5,26.5,62.2,63.9,57.4,160.9,734.1,23.4,60.3,0,419.7
2025-10-21 18:22:22,195.0,25.4,87.5,55.0,27.5,52.1,573.1,12.5,95.0,0,392.6
2025-10-21 18:22:32,218.9,39.1,56.5,47.9,142.0,159.7,737.3,14.5,52.6,0,498.6
2025-10-21 18:22:42,200.7,26.8,66.7,44.2,64.4,163.2,535.2,14.2,95.7,0,415.9
2025-10-21 18:22:52,181.0,38.6,90.6,70.6,51.7,161.3,521.9,24.8,56.6,0,349.5
2025-10-21 18:23:02,188.8,35.0,58.7,73.3,228.5,155.4,200.5,24.9,82.0,0,440.5
2025-10-21 18:23:12,179.7,29.9,54.0,40.7,125.5,161.1,279.7,18.2,62.9,0,490.4
2025-10-21 18:23:22,199.9,26.8,57.9,60.5,88.9,26.4,449.6,24.7,99.3,0,409.5
2025-10-21 18:23:32,177.0,37.2,73.6,73.2,183.3,93.0,172.2,24.4,85.0,1,309.1
2025-10-21 18:23:42,203.4,38.1,74.6,57.8,138.0,132.5,767.5,12.6,67.1,1,399.4
2025-10-21 18:23:52,212.6,26.0,43.6,47.4,150.3,132.3,445.0,23.1,70.1,0,384.0
2025-10-21 18:24:02,181.3,30.6,42.3,63.2,24.9,6.2,719.9,17.6,94.6,0,310.6
2025-10-21 18:24:12,193.6,37.2,56.8,47.9,267.8,137.0,329.2,20.3,95.8,0,330.9
2025-10-21 18:24:22,208.5,30.7,63.0,51.4,112.9,47.1,408.3,15.9,57.1,0,468.5
2025-10-21 18:24:32,212.9,35.0,57.3,68.6,226.6,45.6,325.0,16.8,91.7,0,430.4
2025-10-21 18:24:42,218.3,28.9,76.4,52.0,125.9,153.8,327.1,14.2,52.3,0,284.5
2025-10-21 18:24:52,190.8,34.1,32.3,60.4,61.6,14.0,200.8,11.9,66.0,0,448.5
2025-10-21 18:25:02,198.2,26.7,31.2,66.0,66.2,4.1,284.6,10.4,83.7,0,265.6
2025-10-21 18:25:12,217.6,28.5,86.0,83.4,240.5,72.1,466.7,15.7,93.6,0,318.5
2025-10-21 18:25:22,193.8,27.4,57.5,43.5,41.2,115.5,568.9,16.7,60.5,1,481.6
2025-10-21 18:25:32,174.9,30.0,93.1,53.8,265.7,192.4,114.8,20.6,70.4,0,249.0
2025-10-21 18:25:42,209.5,26.8,39.5,48.5,19.6,135.4,483.7,6.9,53.0,0,414.9
2025-10-21 18:25:52,177.6,28.5,86.3,70.5,248.2,176.4,516.1,21.3,83.6,0,397.4
2025-10-21 18:26:02,210.9,36.5,77.1,73.2,252.9,119.3,120.0,22.6,84.8,0,490.8
2025-10-21 18:26:12,178.4,36.4,83.0,68.9,57.1,36.9,703.4,11.1,99.7,0,409.2
2025-10-21 18:26:22,176.7,28.6,53.6,46.8,243.7,148.5,142.9,18.3,99.7,0,292.3
2025-10-21 18:26:32,195.2,25.4,53.8,79.9,18.3,2.2,486.3,19.1,63.7,0,349.6
2025-10-21 18:26:42,209.8,29.5,35.0,60.1,234.1,181.9,336.3,17.0,86.2,0,483.2
2025-10-21 18:26:52,192.5,27.0,63.0,64.6,299.6,5.6,241.6,20.0,65.6,0,483.6
2025-10-21 18:27:02,218.4,31.8,57.4,83.1,289.5,33.9,638.3,14.4,87.2,0,462.7
2025-10-21 18:27:12,182.5,38.9,61.8,59.7,103.2,103.1,590.9,10.3,87.9,0,437.3
2025-10-21 18:27:22,198.7,30.9,65.1,46.1,57.3,191.8,287.6,15.1,67.1,0,210.3
2025-10-21 18:27:32,205.2,30.5,64.1,82.4,232.4,138.4,582.7,10.6,51.8,0,426.1
2025-10-21 18:27:42,198.0,25.1,50.0,84.5,2.6,103.6,496.0,16.1,63.9,0,445.3
2025-10-21 18:27:52,198.6,26.9,82.9,78.9,87.8,6.7,272.8,5.4,89.8,0,442.3
2025-10-21 18:28:02,200.3,35.5,52.6,75.4,33.2,60.3,547.1,10.5,71.2,0,312.7
2025-10-21 18:28:12,170.2,29.5,79.4,49.7,248.2,172.2,507.2,18.4,76.5,1,424.9
2025-10-21 18:28:22,198.0,30.1,46.3,51.1,142.1,134.0,436.3,24.3,57.1,0,485.1
2025-10-21 18:28:32,175.8,26.8,82.1,44.4,109.5,132.0,751.1,24.9,77.3,0,300.8
2025-10-21 18:28:42,187.9,39.7,55.7,73.1,81.6,189.1,445.0,7.7,57.7,0,446.8
2025-10-21 18:28:52,176.4,32.7,38.0,73.4,271.9,148.1,102.3,22.0,81.0,0,465.0
2025-10-21 18:29:02,176.5,31.9,64.9,75.6,184.6,191.4,548.5,11.3,57.5,0,277.3
2025-10-21 18:29:12,216.5,31.0,33.6,40.9,258.8,69.7,428.0,9.3,84.9,0,354.2
2025-10-21 18:29:22,171.9,39.7,85.6,47.9,260.6,111.4,289.0,14.2,79.8,0,417.5
2025-10-21 18:29:32,196.9,30.8,49.8,61.8,230.0,158.9,149.2,12.6,93.8,0,414.7
2025-10-21 18:29:42,186.8,27.5,33.5,76.4,132.5,78.1,155.6,7.5,80.8,0,391.1
2025-10-21 18:29:52,208.8,34.5,65.1,74.5,211.7,192.9,183.3,15.3,93.1,0,438.4
2025-10-21 18:30:02,181.8,31.9,35.5,71.8,217.3,170.1,304.0,9.0,56.6,0,473.6
2025-10-21 18:30:12,198.3,38.3,40.0,61.5,35.7,149.4,549.3,9.6,51.8,0,468.8
2025-10-21 18:30:22,208.8,28.6,65.4,61.2,203.1,156.5,389.9,9.9,92.8,0,262.7
2025-10-21 18:30:32,193.6,31.6,47.0,59.7,205.9,135.9,765.1,14.5,89.2,0,394.6
2025-10-21 18:30:42,195.8,27.5,48.6,42.2,149.8,116.4,558.6,8.0,98.4,0,329.0
2025-10-21 18:30:52,210.9,35.9,80.4,42.3,79.2,117.2,453.9,20.6,79.3,0,468.1
2025-10-21 18:31:02,170.8,39.5,92.0,50.5,138.5,137.4,143.1,13.7,99.2,0,229.7
2025-10-21 18:31:12,207.6,32.3,85.7,74.5,2.8,168.8,167.0,7.1,65.0,0,369.6
2025-10-21 18:31:22,208.2,28.9,80.2,50.4,147.3,48.7,149.0,11.5,57.2,0,469.4
2025-10-21 18:31:32,201.4,38.3,57.5,60.6,252.2,29.5,537.3,11.4,97.9,0,468.7
2025-10-21 18:31:42,205.6,38.1,43.9,52.8,261.9,48.8,710.6,10.4,66.3,0,207.5
2025-10-21 18:31:52,210.5,33.1,44.2,82.9,16.9,67.9,650.2,24.2,73.0,0,493.5
2025-10-21 18:32:02,212.4,39.5,59.5,70.2,114.2,157.8,161.1,19.9,59.9,0,352.5
2025-10-21 18:32:12,190.3,25.9,43.9,56.5,127.1,132.2,301.4,17.2,60.2,0,412.5
2025-10-21 18:32:22,208.0,35.3,73.9,44.7,149.3,143.9,273.3,8.9,83.0,0,380.6
2025-10-21 18:32:32,206.3,39.4,87.0,45.4,101.4,162.8,744.0,14.5,72.7,0,326.5
2025-10-21 18:32:42,198.3,27.5,82.9,40.0,62.2,123.8,780.7,17.0,97.9,0,407.4
2025-10-21 18:32:52,195.0,34.9,64.1,41.4,177.3,198.4,739.9,16.4,80.7,0,455.5
2025-10-21 18:33:02,198.0,27.5,63.3,68.8,90.2,1.4,304.5,22.1,82.8,0,351.1
2025-10-21 18:33:12,192.2,27.8,33.7,44.1,25.6,51.0,330.6,5.9,92.1,1,330.3
2025-10-21 18:33:22,188.0,28.5,32.8,84.1,187.9,55.7,390.5,5.4,55.5,0,431.9
2025-10-21 18:33:32,179.3,35.6,58.1,52.0,89.3,53.5,302.2,6.9,67.8,0,257.5
2025-10-21 18:33:42,206.1,25.8,93.0,60.9,101.3,89.7,647.2,17.3,92.8,0,497.8
2025-10-21 18:33:52,190.7,39.5,91.4,60.7,254.0,166.5,307.2,16.4,52.3,0,496.7
2025-10-21 18:34:02,192.6,34.5,91.9,44.7,67.7,50.0,464.2,16.7,95.4,0,246.7
2025-10-21 18:34:12,187.8,35.7,68.1,52.8,204.1,105.4,451.1,24.9,62.2,0,228.3
2025-10-21 18:34:22,179.8,25.6,69.3,42.2,28.2,167.3,309.4,8.1,90.0,0,328.8
2025-10-21 18:34:32,217.3,39.1,36.0,59.5,79.1,185.6,396.8,19.5,56.0,0,227.9
2025-10-21 18:34:42,187.3,28.2,48.5,41.8,19.4,124.7,111.3,11.3,56.3,0,215.0
2025-10-21 18:34:52,171.9,34.3,82.4,57.4,91.1,50.8,755.7,15.4,58.9,0,292.2
2025-10-21 18:35:02,204.4,32.9,43.0,41.1,52.1,30.5,230.4,18.9,75.5,0,369.3
2025-10-21 18:35:12,183.0,25.4,85.6,52.5,143.2,159.4,533.9,17.5,60.3,0,442.2
2025-10-21 18:35:22,180.6,36.1,68.0,47.4,289.0,79.5,255.1,24.3,77.8,0,288.7
2025-10-21 18:35:32,193.4,31.4,85.3,44.9,217.6,170.6,785.4,12.2,95.3,0,425.7
2025-10-21 18:35:42,179.8,36.0,39.1,46.6,211.1,150.8,762.9,11.1,75.8,0,397.7
2025-10-21 18:35:52,180.3,31.8,71.7,73.3,103.4,42.5,324.6,13.6,54.1,0,422.1
2025-10-21 18:36:02,201.7,26.2,30.7,73.0,95.6,3.6,638.7,23.6,61.2,0,226.9
2025-10-21 18:36:12,209.3,29.0,38.2,53.6,29.4,177.7,569.8,19.6,89.1,1,303.7
2025-10-21 18:36:22,179.0,38.7,39.3,71.7,275.8,107.5,708.0,15.8,76.2,0,482.5
2025-10-21 18:36:32,204.4,28.7,76.3,61.1,169.8,178.7,730.6,19.6,55.1,0,253.4
2025-10-21 18:36:42,186.3,37.6,65.4,47.8,97.5,111.9,273.6,19.1,61.1,0,226.3
2025-10-21 18:36:52,192.8,29.5,57.1,83.8,146.5,60.1,339.2,8.6,53.7,0,445.8
2025-10-21 18:37:02,181.2,28.3,84.0,80.5,97.0,28.3,602.6,14.8,73.1,0,245.7
2025-10-21 18:37:12,180.7,28.8,87.5,54.8,274.8,4.8,409.8,11.3,62.5,0,485.4
2025-10-21 18:37:22,213.6,39.8,74.4,70.4,147.3,157.3,704.9,12.1,50.6,0,231.3
2025-10-21 18:37:32,195.1,28.2,80.7,48.4,108.8,5.1,612.7,13.4,84.7,0,399.0
2025-10-21 18:37:42,192.6,28.8,63.7,76.0,209.7,114.9,453.6,17.9,67.4,0,255.1
2025-10-21 18:37:52,173.4,37.5,31.5,54.2,88.6,47.1,723.2,10.8,76.8,0,368.8
2025-10-21 18:38:02,185.4,38.8,34.8,45.5,280.5,108.4,775.5,8.6,80.6,0,419.1
2025-10-21 18:38:12,194.7,33.0,69.0,61.0,143.3,60.4,317.4,24.6,95.4,0,337.9
2025-10-21 18:38:22,178.2,29.0,65.1,51.1,89.5,61.5,636.8,17.0,54.3,0,392.0
2025-10-21 18:38:32,218.7,26.9,68.2,60.3,25.3,64.0,312.7,20.4,66.7,0,275.5
2025-10-21 18:38:42,198.8,25.2,43.4,46.5,264.8,179.3,157.8,7.3,71.3,0,225.2
2025-10-21 18:38:52,206.5,28.7,52.2,72.3,156.1,159.9,129.6,6.2,96.0,0,224.3
2025-10-21 18:39:02,196.5,30.3,71.8,60.4,134.6,60.1,169.7,22.3,58.2,0,324.6
2025-10-21 18:39:12,209.7,33.2,37.0,82.9,292.5,141.7,435.5,20.3,90.8,0,285.6
2025-10-21 18:39:22,191.0,34.7,84.0,81.0,271.1,147.3,196.4,5.5,65.1,0,430.2
2025-10-21 18:39:32,204.3,28.3,44.1,45.0,19.7,0.3,295.9,14.0,83.4,0,235.8
2025-10-21 18:39:42,174.8,35.4,93.7,78.8,71.7,36.0,644.8,15.2,67.2,0,239.5
2025-10-21 18:39:52,195.9,32.3,35.5,46.9,95.7,31.3,429.2,15.4,65.8,0,246.8
2025-10-21 18:40:02,191.7,32.2,60.8,53.3,16.3,142.6,505.6,14.6,84.6,0,483.1
2025-10-21 18:40:12,178.4,29.5,90.3,63.4,147.5,56.5,298.0,19.5,62.6,0,379.9
2025-10-21 18:40:22,179.7,37.5,94.2,75.4,244.4,72.1,384.7,9.5,67.0,0,349.5
2025-10-21 18:40:32,173.0,30.1,67.1,82.9,256.8,38.7,359.8,12.5,91.7,0,366.3
2025-10-21 18:40:42,184.9,39.3,59.7,66.7,93.1,146.3,135.9,8.6,81.2,0,351.9
2025-10-21 18:40:52,203.5,25.3,61.5,60.1,286.2,64.3,659.5,12.2,73.0,0,361.5
2025-10-21 18:41:02,172.8,25.8,31.8,75.1,13.4,14.0,248.3,11.4,99.3,0,480.6
2025-10-21 18:41:12,181.2,31.0,90.9,42.9,280.0,170.1,293.6,15.9,78.3,0,488.5
2025-10-21 18:41:22,196.2,26.4,93.2,76.3,221.3,31.3,661.9,7.6,56.5,0,255.5
2025-10-21 18:41:32,205.7,29.3,55.9,73.1,151.2,58.8,682.2,7.5,71.1,0,225.8
2025-10-21 18:41:42,181.2,28.0,93.3,51.2,261.9,42.4,286.8,13.2,57.0,0,319.9
2025-10-21 18:41:52,199.1,39.6,66.0,52.2,287.8,89.6,246.6,13.4,66.7,0,408.0
2025-10-21 18:42:02,216.6,25.9,31.7,59.8,178.0,195.1,198.3,13.8,96.4,0,376.1
2025-10-21 18:42:12,214.5,32.3,66.0,49.8,179.0,63.7,658.5,5.8,64.2,0,273.9
2025-10-21 18:42:22,187.3,39.9,48.1,43.4,206.6,72.7,261.8,20.9,73.0,0,368.4
2025-10-21 18:42:32,195.0,29.1,79.6,66.4,295.1,89.3,380.9,7.4,84.1,0,239.6
2025-10-21 18:42:42,208.9,34.9,86.3,59.1,255.8,24.2,763.3,17.7,74.6,0,212.0
2025-10-21 18:42:52,189.1,28.7,70.9,69.5,264.5,121.8,610.2,6.1,50.0,0,409.4
2025-10-21 18:43:02,200.1,30.3,45.9,41.5,243.5,40.5,118.3,17.6,50.7,0,416.1
2025-10-21 18:43:12,181.7,36.6,93.3,82.5,225.0,154.0,566.6,24.3,86.1,0,480.5
2025-10-21 18:43:22,215.8,28.4,62.3,70.5,285.5,16.4,421.2,23.3,62.0,0,205.4
2025-10-21 18:43:32,175.8,38.7,52.9,79.5,25.7,152.4,374.6,15.4,61.3,1,241.1
2025-10-21 18:43:42,183.6,31.2,74.5,71.6,117.9,182.2,495.7,20.5,98.7,0,318.5
2025-10-21 18:43:52,200.2,31.5,82.3,74.0,152.3,112.8,574.5,7.7,54.8,1,407.8
2025-10-21 18:44:02,205.0,25.1,46.2,65.3,149.4,46.4,324.1,7.7,77.8,0,230.8
2025-10-21 18:44:12,171.8,37.2,31.0,58.8,126.7,7.9,327.9,18.7,83.4,0,493.0
2025-10-21 18:44:22,202.0,36.3,44.2,84.1,15.2,49.7,193.2,7.1,89.1,0,365.5
2025-10-21 18:44:32,214.2,37.9,59.7,66.1,180.9,180.2,211.6,20.5,99.1,0,309.8
2025-10-21 18:44:42,215.8,30.1,57.1,71.4,94.3,185.3,252.1,21.3,68.4,0,220.3
2025-10-21 18:44:52,205.8,39.5,68.3,66.4,272.8,48.3,365.4,11.2,88.0,0,370.7
2025-10-21 18:45:02,189.4,27.0,51.4,73.8,1.1,94.3,250.6,23.5,60.6,0,236.2
2025-10-21 18:45:12,179.6,37.3,34.6,56.7,278.7,65.2,202.6,11.8,91.9,0,210.4
2025-10-21 18:45:22,215.5,26.7,38.9,75.9,65.9,35.7,192.4,21.8,86.7,0,261.6
2025-10-21 18:45:32,194.6,36.6,70.9,41.9,46.0,37.9,299.5,10.5,99.3,0,244.6
2025-10-21 18:45:42,197.6,29.7,91.2,83.4,162.8,94.0,542.4,12.2,60.0,0,434.9
2025-10-21 18:45:52,173.1,32.0,86.4,50.2,22.5,193.5,241.7,17.1,65.3,0,307.2
2025-10-21 18:46:02,192.4,34.6,87.2,46.9,228.2,34.4,372.6,24.3,55.1,0,305.4
2025-10-21 18:46:12,209.2,36.0,69.5,74.0,155.1,57.4,335.9,16.6,74.3,0,226.4
2025-10-21 18:46:22,210.4,38.6,92.9,79.4,58.8,28.8,739.4,19.9,85.5,0,409.7
2025-10-21 18:46:32,178.3,30.7,87.2,63.8,197.8,50.3,276.5,5.9,70.6,0,286.3
2025-10-21 18:46:42,195.3,34.8,36.7,84.9,275.0,155.4,421.2,5.6,88.9,0,474.1
2025-10-21 18:46:52,171.8,27.7,92.2,47.9,294.5,141.8,761.1,13.1,70.4,0,241.7
2025-10-21 18:47:02,210.0,25.2,72.1,81.5,253.9,24.3,240.6,22.4,72.0,0,490.5
2025-10-21 18:47:12,206.4,26.2,38.1,74.2,250.3,77.3,707.6,7.8,50.9,0,300.9
2025-10-21 18:47:22,214.5,35.5,36.3,63.6,224.9,21.8,440.8,7.0,56.5,0,265.5
2025-10-21 18:47:32,187.4,38.8,66.5,46.7,14.6,193.6,114.2,16.6,54.0,0,295.6
2025-10-21 18:47:42,210.9,36.4,58.9,65.9,92.1,23.4,348.1,19.0,56.7,0,446.0
2025-10-21 18:47:52,214.2,28.3,36.8,51.9,184.9,48.3,455.0,24.7,68.6,0,453.7
2025-10-21 18:48:02,204.0,36.3,65.4,62.1,88.8,94.7,457.7,16.6,52.5,0,439.0
2025-10-21 18:48:12,181.4,36.4,40.7,79.4,99.4,23.0,112.4,24.5,84.2,0,411.0
2025-10-21 18:48:22,186.6,25.0,84.5,68.1,281.8,121.7,760.0,23.5,57.9,0,447.0
2025-10-21 18:48:32,176.6,35.7,59.5,61.8,5.3,51.6,431.0,11.3,69.6,0,217.2
2025-10-21 18:48:42,182.5,37.8,54.9,72.9,208.7,174.4,267.8,12.5,57.8,0,439.6
2025-10-21 18:48:52,190.0,29.3,88.9,69.7,187.1,145.7,504.3,20.5,61.7,0,298.5
2025-10-21 18:49:02,172.4,37.0,65.4,44.7,41.6,20.0,642.6,9.8,83.1,0,487.2
2025-10-21 18:49:12,207.4,30.5,63.0,59.6,144.2,90.2,110.2,18.4,85.7,1,440.8
2025-10-21 18:49:22,213.8,38.2,80.7,79.8,269.9,112.3,717.2,19.2,70.8,0,433.9
2025-10-21 18:49:32,194.6,29.0,71.6,76.5,260.1,157.2,247.2,16.5,59.3,0,391.3
2025-10-21 18:49:42,181.6,32.0,53.4,79.5,57.7,115.6,242.9,21.6,66.3,0,248.4
2025-10-21 18:49:52,193.5,35.8,85.9,66.4,292.5,127.5,653.4,18.4,98.7,0,261.9
2025-10-21 18:50:02,179.7,28.4,73.0,57.9,124.9,0.9,605.2,17.6,57.1,0,390.8
2025-10-21 18:50:12,202.6,34.5,70.1,66.9,92.3,150.2,710.2,16.8,67.4,0,414.7
2025-10-21 18:50:22,177.2,25.4,78.3,72.5,243.4,30.0,226.4,15.0,79.3,0,344.6
2025-10-21 18:50:32,197.1,33.0,63.3,83.7,152.6,121.0,368.3,17.6,56.7,0,463.6
2025-10-21 18:50:42,198.4,35.8,36.6,70.2,47.8,189.2,361.8,11.3,72.7,0,484.6
2025-10-21 18:50:52,180.8,29.9,52.9,68.1,123.4,41.4,134.9,10.2,76.9,0,292.8
2025-10-21 18:51:02,190.8,29.2,72.3,67.8,297.1,190.3,569.7,15.2,66.5,0,313.1
2025-10-21 18:51:12,178.9,36.9,73.5,79.7,147.9,103.0,725.4,24.0,52.6,0,431.4
2025-10-21 18:51:22,190.7,29.9,79.8,71.1,137.9,194.6,637.0,21.7,65.6,0,341.8
2025-10-21 18:51:32,211.7,37.5,53.7,71.4,172.4,23.7,606.7,19.4,89.0,0,277.3
2025-10-21 18:51:42,197.4,31.8,69.4,42.0,296.5,87.4,660.7,16.5,98.7,0,248.2
2025-10-21 18:51:52,214.1,30.3,88.0,83.8,114.8,69.9,223.2,7.0,54.6,0,248.3
2025-10-21 18:52:02,204.5,33.4,40.1,75.5,249.7,21.4,139.8,16.8,86.2,0,247.9
2025-10-21 18:52:12,202.0,27.9,46.8,80.6,42.9,30.2,605.4,18.0,98.9,0,217.6
2025-10-21 18:52:22,193.4,33.2,49.8,40.8,152.8,141.1,265.4,9.6,62.5,0,243.7
2025-10-21 18:52:32,200.6,30.7,63.3,42.3,249.7,81.9,169.8,17.6,74.7,0,420.7
2025-10-21 18:52:42,181.7,29.2,41.8,67.8,175.0,107.6,741.4,22.8,85.8,0,417.5
2025-10-21 18:52:52,203.6,30.4,60.7,65.6,221.7,133.3,481.3,21.6,55.1,0,204.0
2025-10-21 18:53:02,191.7,32.2,80.5,52.9,180.0,196.1,325.6,12.7,94.2,0,304.1
2025-10-21 18:53:12,192.9,30.9,31.8,40.3,62.0,125.2,309.2,12.9,68.1,0,450.6
2025-10-21 18:53:22,173.4,37.5,32.2,73.9,284.5,81.9,657.6,16.0,55.8,0,316.1
2025-10-21 18:53:32,179.4,34.9,94.5,44.5,45.5,48.1,213.0,13.3,74.3,0,423.3
2025-10-21 18:53:42,185.1,39.5,62.1,56.9,65.6,21.0,729.7,22.3,77.6,0,474.3
2025-10-21 18:53:52,210.5,32.0,67.2,43.2,260.4,62.2,116.4,19.1,58.0,0,446.7
2025-10-21 18:54:02,182.2,34.7,35.6,76.4,213.3,84.6,241.0,9.7,54.3,0,310.7
2025-10-21 18:54:12,177.3,35.2,78.1,70.0,35.8,40.9,177.5,21.6,63.5,0,264.7
2025-10-21 18:54:22,191.1,28.9,81.0,59.9,217.5,19.0,357.3,17.9,53.7,0,426.0
2025-10-21 18:54:32,193.1,34.4,34.0,58.5,275.2,81.6,409.6,11.9,69.0,0,213.1
2025-10-21 18:54:42,218.3,37.8,89.3,73.9,130.4,178.6,432.4,13.4,59.1,0,386.6
2025-10-21 18:54:52,171.8,25.8,60.2,55.5,22.5,169.6,322.7,17.4,77.8,1,450.6
2025-10-21 18:55:02,198.3,37.6,63.5,52.6,55.1,158.4,418.4,18.5,52.8,0,201.0
2025-10-21 18:55:12,212.0,36.4,78.3,61.3,290.5,161.6,107.5,21.0,74.6,0,385.6
2025-10-21 18:55:22,200.5,37.1,64.0,72.2,40.1,181.2,775.1,20.4,97.6,0,470.7
2025-10-21 18:55:32,185.9,26.7,58.7,50.4,159.1,22.3,581.7,12.3,92.0,0,331.0
2025-10-21 18:55:42,185.1,27.3,57.8,42.9,286.4,103.0,383.5,10.0,60.9,0,359.0
2025-10-21 18:55:52,176.0,28.0,54.5,64.1,63.4,24.4,612.3,21.6,78.0,0,446.5
2025-10-21 18:56:02,205.5,39.8,62.8,54.1,56.0,13.5,129.1,24.0,77.8,0,487.3
2025-10-21 18:56:12,190.5,26.2,36.3,64.1,2.0,196.3,307.0,5.8,96.9,0,476.9
2025-10-21 18:56:22,182.5,39.9,81.3,41.4,0.3,92.2,663.4,8.7,62.5,0,414.6
2025-10-21 18:56:32,209.3,34.2,76.8,58.9,64.9,29.7,744.8,14.0,92.3,1,239.3
2025-10-21 18:56:42,178.4,38.7,33.7,45.6,97.7,42.8,540.6,23.7,51.9,0,222.3
2025-10-21 18:56:52,183.1,34.5,78.1,57.2,5.7,125.6,550.2,24.1,64.7,0,224.7
2025-10-21 18:57:02,174.3,30.0,31.9,80.7,216.9,42.6,669.6,9.7,91.2,0,348.7
2025-10-21 18:57:12,195.2,37.5,90.5,59.3,113.6,117.7,527.3,16.1,68.2,0,388.3
2025-10-21 18:57:22,193.6,32.5,73.8,76.1,127.3,140.3,628.3,12.7,63.6,0,309.2
2025-10-21 18:57:32,202.8,31.4,66.0,56.2,112.8,88.3,592.2,14.5,56.2,0,358.4
2025-10-21 18:57:42,195.6,33.2,37.6,64.3,250.8,56.3,324.7,12.1,50.2,0,200.3
2025-10-21 18:57:52,210.6,37.7,73.4,41.6,217.9,170.2,690.8,19.2,90.9,0,475.3
2025-10-21 18:58:02,173.8,29.7,31.7,67.5,272.1,155.7,127.7,16.9,59.0,0,285.2
2025-10-21 18:58:12,202.0,25.2,43.0,72.3,11.7,58.7,409.5,18.6,78.3,0,276.3
2025-10-21 18:58:22,172.0,29.9,37.6,43.9,266.2,100.6,751.2,8.7,66.5,0,342.2
2025-10-21 18:58:32,187.3,38.9,74.1,45.9,7.0,18.9,216.4,13.3,65.7,0,495.0
2025-10-21 18:58:42,213.4,31.8,47.5,76.5,259.6,157.9,640.4,5.4,53.6,0,334.6
2025-10-21 18:58:52,176.6,39.9,58.9,69.9,85.6,116.9,545.1,15.7,100.0,0,360.2
2025-10-21 18:59:02,182.4,26.9,57.0,83.8,101.9,81.3,614.4,10.4,64.0,0,493.9
2025-10-21 18:59:12,184.7,25.1,86.5,74.0,265.1,94.9,764.7,6.4,74.6,0,322.5
2025-10-21 18:59:22,207.0,32.2,89.9,61.3,229.9,110.2,488.6,13.3,59.7,0,374.4
2025-10-21 18:59:32,203.8,29.5,52.1,62.4,116.0,44.0,355.3,12.1,70.1,0,214.0
2025-10-21 18:59:42,171.3,32.3,62.0,48.7,260.1,125.0,532.4,13.3,86.8,0,451.7
2025-10-21 18:59:52,207.5,26.5,43.2,49.4,37.1,141.1,190.8,10.2,90.2,0,400.3
2025-10-21 19:00:02,179.7,27.8,79.7,57.2,116.3,0.5,636.9,17.9,56.0,0,369.0
2025-10-21 19:00:12,174.2,36.5,73.4,84.4,250.0,148.1,525.3,21.0,90.3,0,347.2
2025-10-21 19:00:22,188.2,33.7,32.8,57.8,53.2,142.1,645.1,18.8,83.9,0,457.7
2025-10-21 19:00:32,171.2,28.0,48.6,78.8,248.2,168.9,304.6,18.5,66.9,0,441.2
2025-10-21 19:00:42,191.8,37.8,57.5,66.8,52.1,81.9,578.5,18.0,71.5,0,462.3
2025-10-21 19:00:52,194.0,33.8,81.1,68.1,247.6,87.5,206.2,7.7,55.7,0,310.9
2025-10-21 19:01:02,202.9,25.8,55.1,71.6,184.4,164.5,529.2,24.0,68.0,0,489.1
2025-10-21 19:01:12,219.1,31.3,77.8,48.6,125.9,102.1,421.0,11.3,55.8,0,210.6
2025-10-21 19:01:22,208.5,39.5,51.7,54.9,185.9,150.4,797.9,6.9,92.2,0,443.3
2025-10-21 19:01:32,194.3,25.3,84.3,83.2,30.7,199.4,729.7,21.7,98.7,0,253.9
2025-10-21 19:01:42,189.0,27.7,80.1,49.4,293.3,5.0,518.2,5.6,56.0,0,485.7
2025-10-21 19:01:52,219.4,39.3,94.1,43.1,181.1,103.1,315.5,10.6,97.1,0,482.5
2025-10-21 19:02:02,188.7,32.8,40.5,56.2,173.9,65.6,776.3,12.4,75.5,0,272.2
2025-10-21 19:02:12,211.2,29.2,64.3,64.0,280.0,63.2,740.1,8.9,79.1,0,235.0
2025-10-21 19:02:22,171.7,39.9,91.1,41.8,218.9,153.1,229.9,12.6,74.8,0,246.1
2025-10-21 19:02:32,174.5,27.8,55.9,72.7,142.3,101.4,204.4,22.8,98.6,0,383.3
2025-10-21 19:02:42,178.6,30.9,62.7,42.0,18.5,35.5,403.3,13.8,77.6,0,257.9
2025-10-21 19:02:52,213.3,29.7,90.8,82.1,128.1,160.0,355.0,10.8,63.3,0,495.7
2025-10-21 19:03:02,190.7,33.7,42.2,50.5,155.3,44.1,276.0,23.4,76.5,1,305.0
2025-10-21 19:03:12,203.6,36.8,82.0,40.3,85.9,49.4,299.3,21.8,67.4,0,376.9
2025-10-21 19:03:22,198.3,33.5,50.0,78.5,24.1,133.5,156.0,12.0,69.7,0,202.1
2025-10-21 19:03:32,195.8,29.2,74.1,57.3,148.4,134.6,285.8,21.6,58.2,0,479.3
2025-10-21 19:03:42,194.2,35.9,30.5,51.1,174.1,130.0,318.5,19.0,57.0,0,416.9
2025-10-21 19:03:52,199.4,35.0,55.2,42.6,147.8,80.8,489.4,18.5,80.9,0,249.3
2025-10-21 19:04:02,211.3,32.0,67.5,46.1,39.6,1.3,218.5,6.5,66.1,0,332.0
2025-10-21 19:04:12,182.1,34.7,90.9,82.9,219.9,57.3,348.1,8.1,56.4,1,470.0
2025-10-21 19:04:22,212.8,27.2,33.6,67.7,275.3,150.4,313.1,11.3,74.1,0,286.1
2025-10-21 19:04:32,186.2,37.6,63.4,58.7,130.0,105.9,493.8,10.2,65.7,0,251.1
2025-10-21 19:04:42,217.8,29.6,32.7,44.4,106.5,80.3,427.0,12.7,69.4,0,367.0
2025-10-21 19:04:52,175.5,36.0,63.8,49.2,210.5,56.5,361.8,17.7,79.1,0,274.8
2025-10-21 19:05:02,211.6,26.3,47.8,44.0,260.3,52.1,466.9,23.9,70.0,1,385.7
2025-10-21 19:05:12,186.5,27.7,30.3,74.2,48.7,161.9,356.6,7.8,77.8,0,472.8
2025-10-21 19:05:22,176.2,36.3,63.4,84.9,193.6,151.0,799.8,7.2,83.9,0,415.1
2025-10-21 19:05:32,172.4,27.0,37.6,60.5,106.1,131.1,191.9,9.9,51.2,0,485.8
2025-10-21 19:05:42,197.7,33.8,94.8,55.8,76.7,84.2,168.3,9.2,73.1,1,433.5
2025-10-21 19:05:52,217.1,34.2,86.5,77.1,221.9,3.2,427.8,5.9,80.9,0,373.3
2025-10-21 19:06:02,219.6,28.6,80.7,44.3,32.3,109.8,235.4,16.6,58.2,0,334.3
2025-10-21 19:06:12,175.8,35.3,90.1,54.0,229.9,51.5,773.6,23.9,82.4,0,475.2
2025-10-21 19:06:22,201.4,33.1,36.4,68.6,233.1,141.9,314.2,22.7,57.0,0,388.2
2025-10-21 19:06:32,210.8,37.2,68.6,53.0,27.5,15.1,701.4,22.7,98.8,0,217.5
2025-10-21 19:06:42,173.6,39.6,78.7,46.3,299.9,69.9,528.2,10.2,57.0,0,354.1
2025-10-21 19:06:52,187.5,35.7,45.3,69.1,104.6,16.0,777.2,13.9,55.8,0,378.7
2025-10-21 19:07:02,192.6,29.1,77.7,67.4,197.2,85.5,124.4,17.8,66.6,0,215.7
2025-10-21 19:07:12,172.9,25.7,46.1,43.4,19.8,165.9,633.9,10.6,66.6,0,200.5
2025-10-21 19:07:22,194.7,30.4,44.2,67.8,169.5,74.3,667.9,10.3,95.0,0,361.4
2025-10-21 19:07:32,194.3,33.5,84.1,65.2,15.9,114.0,487.3,23.5,58.6,0,389.5
2025-10-21 19:07:42,215.8,32.2,70.0,73.8,18.0,49.7,506.8,9.1,81.4,0,487.4
2025-10-21 19:07:52,194.5,34.6,85.3,45.4,192.7,181.9,343.5,6.2,76.7,0,332.2
2025-10-21 19:08:02,210.0,38.6,84.2,79.2,155.5,145.5,432.6,10.7,96.2,0,262.9
2025-10-21 19:08:12,209.6,34.3,83.2,54.4,113.8,7.8,103.0,11.6,80.7,0,241.4
2025-10-21 19:08:22,203.5,26.8,80.7,81.6,32.6,103.9,512.2,24.1,77.5,0,467.4
2025-10-21 19:08:32,205.9,38.2,41.5,70.0,195.5,121.8,304.2,12.1,93.5,0,425.6
2025-10-21 19:08:42,186.5,37.5,75.8,60.7,5.1,41.9,138.5,23.9,81.9,0,274.6
2025-10-21 19:08:52,196.4,35.3,57.6,69.0,298.1,170.6,666.5,11.8,81.7,0,370.5
2025-10-21 19:09:02,209.0,27.0,81.4,70.0,136.9,9.8,518.3,6.3,76.7,0,327.6
2025-10-21 19:09:12,176.2,37.7,47.6,73.9,119.4,177.2,711.0,13.0,69.2,0,299.6
2025-10-21 19:09:22,209.2,27.1,94.1,70.6,226.4,167.4,462.4,24.4,92.9,0,333.8
2025-10-21 19:09:32,178.4,27.4,49.9,59.2,216.2,121.7,750.5,12.4,64.6,0,448.9
2025-10-21 19:09:42,212.0,36.7,67.8,48.8,29.5,132.5,529.7,18.1,61.6,0,298.4
2025-10-21 19:09:52,213.0,25.5,54.5,69.8,1.2,138.1,444.5,22.0,50.5,0,428.7
2025-10-21 19:10:02,207.2,25.5,52.8,66.7,246.0,29.2,451.3,22.8,73.6,1,371.6
2025-10-21 19:10:12,209.9,39.1,72.4,67.1,159.3,127.3,501.4,16.5,77.7,0,298.8
2025-10-21 19:10:22,217.4,30.1,77.0,63.5,296.9,34.7,663.6,20.0,97.8,0,451.3
2025-10-21 19:10:32,208.7,28.3,59.5,72.3,58.8,67.8,676.4,20.8,65.1,1,282.1
2025-10-21 19:10:42,217.1,39.4,52.0,81.1,194.1,110.7,631.1,24.8,92.3,0,399.4
2025-10-21 19:10:52,200.5,34.4,82.8,50.3,217.9,194.1,221.6,16.6,62.3,0,386.9
2025-10-21 19:11:02,173.6,26.2,63.4,50.2,176.5,151.4,680.1,16.4,93.0,0,203.8
2025-10-21 19:11:12,180.0,37.8,75.9,81.2,14.2,107.4,587.7,24.0,66.6,0,305.1
2025-10-21 19:11:22,178.6,31.9,86.0,57.0,114.5,59.4,541.7,5.9,91.6,0,357.2
2025-10-21 19:11:32,177.0,31.0,38.2,51.1,14.3,19.9,749.8,12.8,86.9,0,233.8
2025-10-21 19:11:42,211.4,37.6,33.4,43.8,45.6,37.6,129.6,19.6,96.9,0,256.4
2025-10-21 19:11:52,217.0,28.4,39.0,47.8,179.6,104.7,421.5,24.5,61.7,0,428.0
2025-10-21 19:12:02,207.6,29.0,83.5,79.9,4.6,48.3,172.5,12.6,91.8,0,373.7
2025-10-21 19:12:12,170.6,25.1,45.9,48.2,163.0,54.4,284.3,5.7,72.4,0,222.3
2025-10-21 19:12:22,206.2,33.8,53.0,40.8,3.7,136.5,735.5,20.6,51.5,0,360.7
2025-10-21 19:12:32,173.7,30.5,40.5,45.1,105.9,27.4,301.2,22.0,51.8,0,495.0
2025-10-21 19:12:42,191.0,26.5,40.3,64.2,55.9,188.5,771.8,22.5,74.0,1,428.8
2025-10-21 19:12:52,201.2,29.9,37.1,66.7,219.2,125.3,240.8,24.8,85.3,0,308.1
2025-10-21 19:13:02,170.5,33.1,58.4,55.2,244.4,59.7,699.7,7.0,73.6,0,292.7
2025-10-21 19:13:12,184.9,30.0,63.1,42.8,107.3,165.8,292.1,12.2,62.9,0,247.8
2025-10-21 19:13:22,216.8,29.6,75.2,76.8,121.6,12.5,633.5,21.7,96.4,0,371.3
2025-10-21 19:13:32,184.7,34.3,83.5,67.2,14.8,144.9,398.8,21.9,69.6,0,259.5
2025-10-21 19:13:42,180.5,37.7,69.0,66.4,197.7,176.6,508.0,13.4,73.9,0,284.9
2025-10-21 19:13:52,194.3,30.7,70.3,50.4,255.9,112.7,769.4,9.7,91.8,0,232.3
2025-10-21 19:14:02,177.4,30.0,62.6,69.9,208.4,126.9,724.9,18.8,71.3,0,357.1
2025-10-21 19:14:12,182.1,32.8,53.5,47.5,203.4,160.5,660.2,15.8,56.3,0,282.7
2025-10-21 19:14:22,199.9,29.7,48.8,50.0,259.4,56.2,750.0,6.5,84.6,0,303.7
2025-10-21 19:14:32,185.8,37.2,40.7,71.1,84.0,23.1,459.8,18.5,77.2,0,296.3
2025-10-21 19:14:42,186.7,33.6,87.6,65.2,28.2,87.3,791.7,13.8,76.5,0,278.6
2025-10-21 19:14:52,203.0,37.1,66.9,72.1,93.9,14.1,254.2,8.1,92.5,0,291.8
2025-10-21 19:15:02,174.8,32.5,34.2,47.3,179.7,20.8,334.3,14.3,88.2,0,356.1
2025-10-21 19:15:12,179.5,37.4,40.7,70.1,27.7,156.7,553.4,15.4,57.6,0,360.3
2025-10-21 19:15:22,216.8,27.5,50.3,56.5,124.8,73.9,155.2,8.4,51.3,0,215.0
2025-10-21 19:15:32,197.8,26.2,86.2,64.5,146.0,23.8,430.0,23.1,79.9,0,489.8
2025-10-21 19:15:42,211.3,28.5,62.1,57.3,87.9,29.3,775.3,24.3,92.9,0,278.3
2025-10-21 19:15:52,172.7,32.5,84.0,57.5,176.3,65.4,172.4,6.7,65.6,0,283.4
2025-10-21 19:16:02,216.1,37.8,84.3,50.8,170.6,182.4,312.0,17.2,87.6,0,434.4
2025-10-21 19:16:12,216.0,36.0,57.5,76.2,175.9,124.3,702.3,21.6,81.9,0,489.1
2025-10-21 19:16:22,183.1,25.7,46.1,54.3,53.3,102.8,752.6,21.4,85.8,0,251.1
2025-10-21 19:16:32,173.7,27.4,43.7,52.4,188.2,81.8,532.3,7.4,62.5,0,491.0
2025-10-21 19:16:42,218.7,28.9,89.8,65.3,188.1,5.4,320.4,6.9,92.3,0,344.0
2025-10-21 19:16:52,173.7,35.2,85.0,80.9,64.5,130.7,347.8,23.0,58.0,0,285.5
2025-10-21 19:17:02,197.7,34.0,76.3,69.8,240.1,101.3,729.1,13.3,59.3,0,343.9
